,logistic,hyperbolic,deepwalk
logistic,0.0,4.61068776299e-05,3.93057038627e-12
hyperbolic,0.0,0.0,6.53645264299e-11
deepwalk,0.0,0.0,0.0
