,logistic,hyperbolic,deepwalk
logistic,0.0,0.0241479548497,4.65314789618e-12
hyperbolic,0.0,0.0,2.23132969727e-11
deepwalk,0.0,0.0,0.0
