,0,1,train,mean
logistic,0.0,0.0,0.285714285714,0.0
deepwalk,0.0,0.0,0.285714285714,0.0
hyp embedding,0.0,0.0,0.285714285714,0.0
